date,format,post_urn,comment_ok
2026-09-17,carousel,urn:li:ugcPost:7506303978083737600,true
2026-09-18,video,urn:li:ugcPost:7506667103220011009,true
2026-09-19,carousel,urn:li:ugcPost:7507040577163628544,true
2026-09-20,video,urn:li:ugcPost:7507391685568540672,true
2026-09-21,carousel,urn:li:ugcPost:7507754417505411072,true
2026-09-22,video,urn:li:ugcPost:7508116484670283777,true
2026-09-23,carousel,urn:li:ugcPost:7508479921296433153,true
2026-09-24,video,urn:li:ugcPost:7508841072438013953,true
2026-09-25,carousel,urn:li:ugcPost:7509203641539641344,true
2026-09-26,video,urn:li:ugcPost:7509566634475433984,true
2026-09-27,carousel,urn:li:ugcPost:7509928226266214400,true
2026-09-28,video,urn:li:ugcPost:7510291403210592256,true
2026-09-29,carousel,urn:li:ugcPost:7510652882895990784,true
2026-09-30,carousel,urn:li:ugcPost:7511015157792305152,true
2026-10-01,video,urn:li:ugcPost:7511379289624203266,true
2026-10-02,video,urn:li:ugcPost:7511740478086828032,true
2026-10-03,video,urn:li:ugcPost:7512102743797374976,true
2026-10-04,video,urn:li:ugcPost:7512466717634084864,true
2026-10-05,video,urn:li:ugcPost:7512828003916156928,true
settled,video,,
